,id,filepath,label
0,blues,gtzan_genre/genres/blues/blues.00000.au,0
1,blues,gtzan_genre/genres/blues/blues.00001.au,0
2,blues,gtzan_genre/genres/blues/blues.00002.au,0
3,blues,gtzan_genre/genres/blues/blues.00003.au,0
4,blues,gtzan_genre/genres/blues/blues.00004.au,0
5,blues,gtzan_genre/genres/blues/blues.00005.au,0
6,blues,gtzan_genre/genres/blues/blues.00006.au,0
7,blues,gtzan_genre/genres/blues/blues.00007.au,0
8,blues,gtzan_genre/genres/blues/blues.00008.au,0
9,blues,gtzan_genre/genres/blues/blues.00009.au,0
10,blues,gtzan_genre/genres/blues/blues.00010.au,0
11,blues,gtzan_genre/genres/blues/blues.00011.au,0
12,blues,gtzan_genre/genres/blues/blues.00012.au,0
13,blues,gtzan_genre/genres/blues/blues.00013.au,0
14,blues,gtzan_genre/genres/blues/blues.00014.au,0
15,blues,gtzan_genre/genres/blues/blues.00015.au,0
16,blues,gtzan_genre/genres/blues/blues.00016.au,0
17,blues,gtzan_genre/genres/blues/blues.00017.au,0
18,blues,gtzan_genre/genres/blues/blues.00018.au,0
19,blues,gtzan_genre/genres/blues/blues.00019.au,0
20,blues,gtzan_genre/genres/blues/blues.00020.au,0
21,blues,gtzan_genre/genres/blues/blues.00021.au,0
22,blues,gtzan_genre/genres/blues/blues.00022.au,0
23,blues,gtzan_genre/genres/blues/blues.00023.au,0
24,blues,gtzan_genre/genres/blues/blues.00024.au,0
25,blues,gtzan_genre/genres/blues/blues.00025.au,0
26,blues,gtzan_genre/genres/blues/blues.00026.au,0
27,blues,gtzan_genre/genres/blues/blues.00027.au,0
28,blues,gtzan_genre/genres/blues/blues.00028.au,0
29,blues,gtzan_genre/genres/blues/blues.00029.au,0
30,blues,gtzan_genre/genres/blues/blues.00030.au,0
31,blues,gtzan_genre/genres/blues/blues.00031.au,0
32,blues,gtzan_genre/genres/blues/blues.00032.au,0
33,blues,gtzan_genre/genres/blues/blues.00033.au,0
34,blues,gtzan_genre/genres/blues/blues.00034.au,0
35,blues,gtzan_genre/genres/blues/blues.00035.au,0
36,blues,gtzan_genre/genres/blues/blues.00036.au,0
37,blues,gtzan_genre/genres/blues/blues.00037.au,0
38,blues,gtzan_genre/genres/blues/blues.00038.au,0
39,blues,gtzan_genre/genres/blues/blues.00039.au,0
40,blues,gtzan_genre/genres/blues/blues.00040.au,0
41,blues,gtzan_genre/genres/blues/blues.00041.au,0
42,blues,gtzan_genre/genres/blues/blues.00042.au,0
43,blues,gtzan_genre/genres/blues/blues.00043.au,0
44,blues,gtzan_genre/genres/blues/blues.00044.au,0
45,blues,gtzan_genre/genres/blues/blues.00045.au,0
46,blues,gtzan_genre/genres/blues/blues.00046.au,0
47,blues,gtzan_genre/genres/blues/blues.00047.au,0
48,blues,gtzan_genre/genres/blues/blues.00048.au,0
49,blues,gtzan_genre/genres/blues/blues.00049.au,0
50,blues,gtzan_genre/genres/blues/blues.00050.au,0
51,blues,gtzan_genre/genres/blues/blues.00051.au,0
52,blues,gtzan_genre/genres/blues/blues.00052.au,0
53,blues,gtzan_genre/genres/blues/blues.00053.au,0
54,blues,gtzan_genre/genres/blues/blues.00054.au,0
55,blues,gtzan_genre/genres/blues/blues.00055.au,0
56,blues,gtzan_genre/genres/blues/blues.00056.au,0
57,blues,gtzan_genre/genres/blues/blues.00057.au,0
58,blues,gtzan_genre/genres/blues/blues.00058.au,0
59,blues,gtzan_genre/genres/blues/blues.00059.au,0
60,blues,gtzan_genre/genres/blues/blues.00060.au,0
61,blues,gtzan_genre/genres/blues/blues.00061.au,0
62,blues,gtzan_genre/genres/blues/blues.00062.au,0
63,blues,gtzan_genre/genres/blues/blues.00063.au,0
64,blues,gtzan_genre/genres/blues/blues.00064.au,0
65,blues,gtzan_genre/genres/blues/blues.00065.au,0
66,blues,gtzan_genre/genres/blues/blues.00066.au,0
67,blues,gtzan_genre/genres/blues/blues.00067.au,0
68,blues,gtzan_genre/genres/blues/blues.00068.au,0
69,blues,gtzan_genre/genres/blues/blues.00069.au,0
70,blues,gtzan_genre/genres/blues/blues.00070.au,0
71,blues,gtzan_genre/genres/blues/blues.00071.au,0
72,blues,gtzan_genre/genres/blues/blues.00072.au,0
73,blues,gtzan_genre/genres/blues/blues.00073.au,0
74,blues,gtzan_genre/genres/blues/blues.00074.au,0
75,blues,gtzan_genre/genres/blues/blues.00075.au,0
76,blues,gtzan_genre/genres/blues/blues.00076.au,0
77,blues,gtzan_genre/genres/blues/blues.00077.au,0
78,blues,gtzan_genre/genres/blues/blues.00078.au,0
79,blues,gtzan_genre/genres/blues/blues.00079.au,0
80,blues,gtzan_genre/genres/blues/blues.00080.au,0
81,blues,gtzan_genre/genres/blues/blues.00081.au,0
82,blues,gtzan_genre/genres/blues/blues.00082.au,0
83,blues,gtzan_genre/genres/blues/blues.00083.au,0
84,blues,gtzan_genre/genres/blues/blues.00084.au,0
85,blues,gtzan_genre/genres/blues/blues.00085.au,0
86,blues,gtzan_genre/genres/blues/blues.00086.au,0
87,blues,gtzan_genre/genres/blues/blues.00087.au,0
88,blues,gtzan_genre/genres/blues/blues.00088.au,0
89,blues,gtzan_genre/genres/blues/blues.00089.au,0
90,blues,gtzan_genre/genres/blues/blues.00090.au,0
91,blues,gtzan_genre/genres/blues/blues.00091.au,0
92,blues,gtzan_genre/genres/blues/blues.00092.au,0
93,blues,gtzan_genre/genres/blues/blues.00093.au,0
94,blues,gtzan_genre/genres/blues/blues.00094.au,0
95,blues,gtzan_genre/genres/blues/blues.00095.au,0
96,blues,gtzan_genre/genres/blues/blues.00096.au,0
97,blues,gtzan_genre/genres/blues/blues.00097.au,0
98,blues,gtzan_genre/genres/blues/blues.00098.au,0
99,blues,gtzan_genre/genres/blues/blues.00099.au,0
100,classical,gtzan_genre/genres/classical/classical.00000.au,1
101,classical,gtzan_genre/genres/classical/classical.00001.au,1
102,classical,gtzan_genre/genres/classical/classical.00002.au,1
103,classical,gtzan_genre/genres/classical/classical.00003.au,1
104,classical,gtzan_genre/genres/classical/classical.00004.au,1
105,classical,gtzan_genre/genres/classical/classical.00005.au,1
106,classical,gtzan_genre/genres/classical/classical.00006.au,1
107,classical,gtzan_genre/genres/classical/classical.00007.au,1
108,classical,gtzan_genre/genres/classical/classical.00008.au,1
109,classical,gtzan_genre/genres/classical/classical.00009.au,1
110,classical,gtzan_genre/genres/classical/classical.00010.au,1
111,classical,gtzan_genre/genres/classical/classical.00011.au,1
112,classical,gtzan_genre/genres/classical/classical.00012.au,1
113,classical,gtzan_genre/genres/classical/classical.00013.au,1
114,classical,gtzan_genre/genres/classical/classical.00014.au,1
115,classical,gtzan_genre/genres/classical/classical.00015.au,1
116,classical,gtzan_genre/genres/classical/classical.00016.au,1
117,classical,gtzan_genre/genres/classical/classical.00017.au,1
118,classical,gtzan_genre/genres/classical/classical.00018.au,1
119,classical,gtzan_genre/genres/classical/classical.00019.au,1
120,classical,gtzan_genre/genres/classical/classical.00020.au,1
121,classical,gtzan_genre/genres/classical/classical.00021.au,1
122,classical,gtzan_genre/genres/classical/classical.00022.au,1
123,classical,gtzan_genre/genres/classical/classical.00023.au,1
124,classical,gtzan_genre/genres/classical/classical.00024.au,1
125,classical,gtzan_genre/genres/classical/classical.00025.au,1
126,classical,gtzan_genre/genres/classical/classical.00026.au,1
127,classical,gtzan_genre/genres/classical/classical.00027.au,1
128,classical,gtzan_genre/genres/classical/classical.00028.au,1
129,classical,gtzan_genre/genres/classical/classical.00029.au,1
130,classical,gtzan_genre/genres/classical/classical.00030.au,1
131,classical,gtzan_genre/genres/classical/classical.00031.au,1
132,classical,gtzan_genre/genres/classical/classical.00032.au,1
133,classical,gtzan_genre/genres/classical/classical.00033.au,1
134,classical,gtzan_genre/genres/classical/classical.00034.au,1
135,classical,gtzan_genre/genres/classical/classical.00035.au,1
136,classical,gtzan_genre/genres/classical/classical.00036.au,1
137,classical,gtzan_genre/genres/classical/classical.00037.au,1
138,classical,gtzan_genre/genres/classical/classical.00038.au,1
139,classical,gtzan_genre/genres/classical/classical.00039.au,1
140,classical,gtzan_genre/genres/classical/classical.00040.au,1
141,classical,gtzan_genre/genres/classical/classical.00041.au,1
142,classical,gtzan_genre/genres/classical/classical.00042.au,1
143,classical,gtzan_genre/genres/classical/classical.00043.au,1
144,classical,gtzan_genre/genres/classical/classical.00044.au,1
145,classical,gtzan_genre/genres/classical/classical.00045.au,1
146,classical,gtzan_genre/genres/classical/classical.00046.au,1
147,classical,gtzan_genre/genres/classical/classical.00047.au,1
148,classical,gtzan_genre/genres/classical/classical.00048.au,1
149,classical,gtzan_genre/genres/classical/classical.00049.au,1
150,classical,gtzan_genre/genres/classical/classical.00050.au,1
151,classical,gtzan_genre/genres/classical/classical.00051.au,1
152,classical,gtzan_genre/genres/classical/classical.00052.au,1
153,classical,gtzan_genre/genres/classical/classical.00053.au,1
154,classical,gtzan_genre/genres/classical/classical.00054.au,1
155,classical,gtzan_genre/genres/classical/classical.00055.au,1
156,classical,gtzan_genre/genres/classical/classical.00056.au,1
157,classical,gtzan_genre/genres/classical/classical.00057.au,1
158,classical,gtzan_genre/genres/classical/classical.00058.au,1
159,classical,gtzan_genre/genres/classical/classical.00059.au,1
160,classical,gtzan_genre/genres/classical/classical.00060.au,1
161,classical,gtzan_genre/genres/classical/classical.00061.au,1
162,classical,gtzan_genre/genres/classical/classical.00062.au,1
163,classical,gtzan_genre/genres/classical/classical.00063.au,1
164,classical,gtzan_genre/genres/classical/classical.00064.au,1
165,classical,gtzan_genre/genres/classical/classical.00065.au,1
166,classical,gtzan_genre/genres/classical/classical.00066.au,1
167,classical,gtzan_genre/genres/classical/classical.00067.au,1
168,classical,gtzan_genre/genres/classical/classical.00068.au,1
169,classical,gtzan_genre/genres/classical/classical.00069.au,1
170,classical,gtzan_genre/genres/classical/classical.00070.au,1
171,classical,gtzan_genre/genres/classical/classical.00071.au,1
172,classical,gtzan_genre/genres/classical/classical.00072.au,1
173,classical,gtzan_genre/genres/classical/classical.00073.au,1
174,classical,gtzan_genre/genres/classical/classical.00074.au,1
175,classical,gtzan_genre/genres/classical/classical.00075.au,1
176,classical,gtzan_genre/genres/classical/classical.00076.au,1
177,classical,gtzan_genre/genres/classical/classical.00077.au,1
178,classical,gtzan_genre/genres/classical/classical.00078.au,1
179,classical,gtzan_genre/genres/classical/classical.00079.au,1
180,classical,gtzan_genre/genres/classical/classical.00080.au,1
181,classical,gtzan_genre/genres/classical/classical.00081.au,1
182,classical,gtzan_genre/genres/classical/classical.00082.au,1
183,classical,gtzan_genre/genres/classical/classical.00083.au,1
184,classical,gtzan_genre/genres/classical/classical.00084.au,1
185,classical,gtzan_genre/genres/classical/classical.00085.au,1
186,classical,gtzan_genre/genres/classical/classical.00086.au,1
187,classical,gtzan_genre/genres/classical/classical.00087.au,1
188,classical,gtzan_genre/genres/classical/classical.00088.au,1
189,classical,gtzan_genre/genres/classical/classical.00089.au,1
190,classical,gtzan_genre/genres/classical/classical.00090.au,1
191,classical,gtzan_genre/genres/classical/classical.00091.au,1
192,classical,gtzan_genre/genres/classical/classical.00092.au,1
193,classical,gtzan_genre/genres/classical/classical.00093.au,1
194,classical,gtzan_genre/genres/classical/classical.00094.au,1
195,classical,gtzan_genre/genres/classical/classical.00095.au,1
196,classical,gtzan_genre/genres/classical/classical.00096.au,1
197,classical,gtzan_genre/genres/classical/classical.00097.au,1
198,classical,gtzan_genre/genres/classical/classical.00098.au,1
199,classical,gtzan_genre/genres/classical/classical.00099.au,1
200,country,gtzan_genre/genres/country/country.00000.au,2
201,country,gtzan_genre/genres/country/country.00001.au,2
202,country,gtzan_genre/genres/country/country.00002.au,2
203,country,gtzan_genre/genres/country/country.00003.au,2
204,country,gtzan_genre/genres/country/country.00004.au,2
205,country,gtzan_genre/genres/country/country.00005.au,2
206,country,gtzan_genre/genres/country/country.00006.au,2
207,country,gtzan_genre/genres/country/country.00007.au,2
208,country,gtzan_genre/genres/country/country.00008.au,2
209,country,gtzan_genre/genres/country/country.00009.au,2
210,country,gtzan_genre/genres/country/country.00010.au,2
211,country,gtzan_genre/genres/country/country.00011.au,2
212,country,gtzan_genre/genres/country/country.00012.au,2
213,country,gtzan_genre/genres/country/country.00013.au,2
214,country,gtzan_genre/genres/country/country.00014.au,2
215,country,gtzan_genre/genres/country/country.00015.au,2
216,country,gtzan_genre/genres/country/country.00016.au,2
217,country,gtzan_genre/genres/country/country.00017.au,2
218,country,gtzan_genre/genres/country/country.00018.au,2
219,country,gtzan_genre/genres/country/country.00019.au,2
220,country,gtzan_genre/genres/country/country.00020.au,2
221,country,gtzan_genre/genres/country/country.00021.au,2
222,country,gtzan_genre/genres/country/country.00022.au,2
223,country,gtzan_genre/genres/country/country.00023.au,2
224,country,gtzan_genre/genres/country/country.00024.au,2
225,country,gtzan_genre/genres/country/country.00025.au,2
226,country,gtzan_genre/genres/country/country.00026.au,2
227,country,gtzan_genre/genres/country/country.00027.au,2
228,country,gtzan_genre/genres/country/country.00028.au,2
229,country,gtzan_genre/genres/country/country.00029.au,2
230,country,gtzan_genre/genres/country/country.00030.au,2
231,country,gtzan_genre/genres/country/country.00031.au,2
232,country,gtzan_genre/genres/country/country.00032.au,2
233,country,gtzan_genre/genres/country/country.00033.au,2
234,country,gtzan_genre/genres/country/country.00034.au,2
235,country,gtzan_genre/genres/country/country.00035.au,2
236,country,gtzan_genre/genres/country/country.00036.au,2
237,country,gtzan_genre/genres/country/country.00037.au,2
238,country,gtzan_genre/genres/country/country.00038.au,2
239,country,gtzan_genre/genres/country/country.00039.au,2
240,country,gtzan_genre/genres/country/country.00040.au,2
241,country,gtzan_genre/genres/country/country.00041.au,2
242,country,gtzan_genre/genres/country/country.00042.au,2
243,country,gtzan_genre/genres/country/country.00043.au,2
244,country,gtzan_genre/genres/country/country.00044.au,2
245,country,gtzan_genre/genres/country/country.00045.au,2
246,country,gtzan_genre/genres/country/country.00046.au,2
247,country,gtzan_genre/genres/country/country.00047.au,2
248,country,gtzan_genre/genres/country/country.00048.au,2
249,country,gtzan_genre/genres/country/country.00049.au,2
250,country,gtzan_genre/genres/country/country.00050.au,2
251,country,gtzan_genre/genres/country/country.00051.au,2
252,country,gtzan_genre/genres/country/country.00052.au,2
253,country,gtzan_genre/genres/country/country.00053.au,2
254,country,gtzan_genre/genres/country/country.00054.au,2
255,country,gtzan_genre/genres/country/country.00055.au,2
256,country,gtzan_genre/genres/country/country.00056.au,2
257,country,gtzan_genre/genres/country/country.00057.au,2
258,country,gtzan_genre/genres/country/country.00058.au,2
259,country,gtzan_genre/genres/country/country.00059.au,2
260,country,gtzan_genre/genres/country/country.00060.au,2
261,country,gtzan_genre/genres/country/country.00061.au,2
262,country,gtzan_genre/genres/country/country.00062.au,2
263,country,gtzan_genre/genres/country/country.00063.au,2
264,country,gtzan_genre/genres/country/country.00064.au,2
265,country,gtzan_genre/genres/country/country.00065.au,2
266,country,gtzan_genre/genres/country/country.00066.au,2
267,country,gtzan_genre/genres/country/country.00067.au,2
268,country,gtzan_genre/genres/country/country.00068.au,2
269,country,gtzan_genre/genres/country/country.00069.au,2
270,country,gtzan_genre/genres/country/country.00070.au,2
271,country,gtzan_genre/genres/country/country.00071.au,2
272,country,gtzan_genre/genres/country/country.00072.au,2
273,country,gtzan_genre/genres/country/country.00073.au,2
274,country,gtzan_genre/genres/country/country.00074.au,2
275,country,gtzan_genre/genres/country/country.00075.au,2
276,country,gtzan_genre/genres/country/country.00076.au,2
277,country,gtzan_genre/genres/country/country.00077.au,2
278,country,gtzan_genre/genres/country/country.00078.au,2
279,country,gtzan_genre/genres/country/country.00079.au,2
280,country,gtzan_genre/genres/country/country.00080.au,2
281,country,gtzan_genre/genres/country/country.00081.au,2
282,country,gtzan_genre/genres/country/country.00082.au,2
283,country,gtzan_genre/genres/country/country.00083.au,2
284,country,gtzan_genre/genres/country/country.00084.au,2
285,country,gtzan_genre/genres/country/country.00085.au,2
286,country,gtzan_genre/genres/country/country.00086.au,2
287,country,gtzan_genre/genres/country/country.00087.au,2
288,country,gtzan_genre/genres/country/country.00088.au,2
289,country,gtzan_genre/genres/country/country.00089.au,2
290,country,gtzan_genre/genres/country/country.00090.au,2
291,country,gtzan_genre/genres/country/country.00091.au,2
292,country,gtzan_genre/genres/country/country.00092.au,2
293,country,gtzan_genre/genres/country/country.00093.au,2
294,country,gtzan_genre/genres/country/country.00094.au,2
295,country,gtzan_genre/genres/country/country.00095.au,2
296,country,gtzan_genre/genres/country/country.00096.au,2
297,country,gtzan_genre/genres/country/country.00097.au,2
298,country,gtzan_genre/genres/country/country.00098.au,2
299,country,gtzan_genre/genres/country/country.00099.au,2
300,disco,gtzan_genre/genres/disco/disco.00000.au,3
301,disco,gtzan_genre/genres/disco/disco.00001.au,3
302,disco,gtzan_genre/genres/disco/disco.00002.au,3
303,disco,gtzan_genre/genres/disco/disco.00003.au,3
304,disco,gtzan_genre/genres/disco/disco.00004.au,3
305,disco,gtzan_genre/genres/disco/disco.00005.au,3
306,disco,gtzan_genre/genres/disco/disco.00006.au,3
307,disco,gtzan_genre/genres/disco/disco.00007.au,3
308,disco,gtzan_genre/genres/disco/disco.00008.au,3
309,disco,gtzan_genre/genres/disco/disco.00009.au,3
310,disco,gtzan_genre/genres/disco/disco.00010.au,3
311,disco,gtzan_genre/genres/disco/disco.00011.au,3
312,disco,gtzan_genre/genres/disco/disco.00012.au,3
313,disco,gtzan_genre/genres/disco/disco.00013.au,3
314,disco,gtzan_genre/genres/disco/disco.00014.au,3
315,disco,gtzan_genre/genres/disco/disco.00015.au,3
316,disco,gtzan_genre/genres/disco/disco.00016.au,3
317,disco,gtzan_genre/genres/disco/disco.00017.au,3
318,disco,gtzan_genre/genres/disco/disco.00018.au,3
319,disco,gtzan_genre/genres/disco/disco.00019.au,3
320,disco,gtzan_genre/genres/disco/disco.00020.au,3
321,disco,gtzan_genre/genres/disco/disco.00021.au,3
322,disco,gtzan_genre/genres/disco/disco.00022.au,3
323,disco,gtzan_genre/genres/disco/disco.00023.au,3
324,disco,gtzan_genre/genres/disco/disco.00024.au,3
325,disco,gtzan_genre/genres/disco/disco.00025.au,3
326,disco,gtzan_genre/genres/disco/disco.00026.au,3
327,disco,gtzan_genre/genres/disco/disco.00027.au,3
328,disco,gtzan_genre/genres/disco/disco.00028.au,3
329,disco,gtzan_genre/genres/disco/disco.00029.au,3
330,disco,gtzan_genre/genres/disco/disco.00030.au,3
331,disco,gtzan_genre/genres/disco/disco.00031.au,3
332,disco,gtzan_genre/genres/disco/disco.00032.au,3
333,disco,gtzan_genre/genres/disco/disco.00033.au,3
334,disco,gtzan_genre/genres/disco/disco.00034.au,3
335,disco,gtzan_genre/genres/disco/disco.00035.au,3
336,disco,gtzan_genre/genres/disco/disco.00036.au,3
337,disco,gtzan_genre/genres/disco/disco.00037.au,3
338,disco,gtzan_genre/genres/disco/disco.00038.au,3
339,disco,gtzan_genre/genres/disco/disco.00039.au,3
340,disco,gtzan_genre/genres/disco/disco.00040.au,3
341,disco,gtzan_genre/genres/disco/disco.00041.au,3
342,disco,gtzan_genre/genres/disco/disco.00042.au,3
343,disco,gtzan_genre/genres/disco/disco.00043.au,3
344,disco,gtzan_genre/genres/disco/disco.00044.au,3
345,disco,gtzan_genre/genres/disco/disco.00045.au,3
346,disco,gtzan_genre/genres/disco/disco.00046.au,3
347,disco,gtzan_genre/genres/disco/disco.00047.au,3
348,disco,gtzan_genre/genres/disco/disco.00048.au,3
349,disco,gtzan_genre/genres/disco/disco.00049.au,3
350,disco,gtzan_genre/genres/disco/disco.00050.au,3
351,disco,gtzan_genre/genres/disco/disco.00051.au,3
352,disco,gtzan_genre/genres/disco/disco.00052.au,3
353,disco,gtzan_genre/genres/disco/disco.00053.au,3
354,disco,gtzan_genre/genres/disco/disco.00054.au,3
355,disco,gtzan_genre/genres/disco/disco.00055.au,3
356,disco,gtzan_genre/genres/disco/disco.00056.au,3
357,disco,gtzan_genre/genres/disco/disco.00057.au,3
358,disco,gtzan_genre/genres/disco/disco.00058.au,3
359,disco,gtzan_genre/genres/disco/disco.00059.au,3
360,disco,gtzan_genre/genres/disco/disco.00060.au,3
361,disco,gtzan_genre/genres/disco/disco.00061.au,3
362,disco,gtzan_genre/genres/disco/disco.00062.au,3
363,disco,gtzan_genre/genres/disco/disco.00063.au,3
364,disco,gtzan_genre/genres/disco/disco.00064.au,3
365,disco,gtzan_genre/genres/disco/disco.00065.au,3
366,disco,gtzan_genre/genres/disco/disco.00066.au,3
367,disco,gtzan_genre/genres/disco/disco.00067.au,3
368,disco,gtzan_genre/genres/disco/disco.00068.au,3
369,disco,gtzan_genre/genres/disco/disco.00069.au,3
370,disco,gtzan_genre/genres/disco/disco.00070.au,3
371,disco,gtzan_genre/genres/disco/disco.00071.au,3
372,disco,gtzan_genre/genres/disco/disco.00072.au,3
373,disco,gtzan_genre/genres/disco/disco.00073.au,3
374,disco,gtzan_genre/genres/disco/disco.00074.au,3
375,disco,gtzan_genre/genres/disco/disco.00075.au,3
376,disco,gtzan_genre/genres/disco/disco.00076.au,3
377,disco,gtzan_genre/genres/disco/disco.00077.au,3
378,disco,gtzan_genre/genres/disco/disco.00078.au,3
379,disco,gtzan_genre/genres/disco/disco.00079.au,3
380,disco,gtzan_genre/genres/disco/disco.00080.au,3
381,disco,gtzan_genre/genres/disco/disco.00081.au,3
382,disco,gtzan_genre/genres/disco/disco.00082.au,3
383,disco,gtzan_genre/genres/disco/disco.00083.au,3
384,disco,gtzan_genre/genres/disco/disco.00084.au,3
385,disco,gtzan_genre/genres/disco/disco.00085.au,3
386,disco,gtzan_genre/genres/disco/disco.00086.au,3
387,disco,gtzan_genre/genres/disco/disco.00087.au,3
388,disco,gtzan_genre/genres/disco/disco.00088.au,3
389,disco,gtzan_genre/genres/disco/disco.00089.au,3
390,disco,gtzan_genre/genres/disco/disco.00090.au,3
391,disco,gtzan_genre/genres/disco/disco.00091.au,3
392,disco,gtzan_genre/genres/disco/disco.00092.au,3
393,disco,gtzan_genre/genres/disco/disco.00093.au,3
394,disco,gtzan_genre/genres/disco/disco.00094.au,3
395,disco,gtzan_genre/genres/disco/disco.00095.au,3
396,disco,gtzan_genre/genres/disco/disco.00096.au,3
397,disco,gtzan_genre/genres/disco/disco.00097.au,3
398,disco,gtzan_genre/genres/disco/disco.00098.au,3
399,disco,gtzan_genre/genres/disco/disco.00099.au,3
400,hiphop,gtzan_genre/genres/hiphop/hiphop.00000.au,4
401,hiphop,gtzan_genre/genres/hiphop/hiphop.00001.au,4
402,hiphop,gtzan_genre/genres/hiphop/hiphop.00002.au,4
403,hiphop,gtzan_genre/genres/hiphop/hiphop.00003.au,4
404,hiphop,gtzan_genre/genres/hiphop/hiphop.00004.au,4
405,hiphop,gtzan_genre/genres/hiphop/hiphop.00005.au,4
406,hiphop,gtzan_genre/genres/hiphop/hiphop.00006.au,4
407,hiphop,gtzan_genre/genres/hiphop/hiphop.00007.au,4
408,hiphop,gtzan_genre/genres/hiphop/hiphop.00008.au,4
409,hiphop,gtzan_genre/genres/hiphop/hiphop.00009.au,4
410,hiphop,gtzan_genre/genres/hiphop/hiphop.00010.au,4
411,hiphop,gtzan_genre/genres/hiphop/hiphop.00011.au,4
412,hiphop,gtzan_genre/genres/hiphop/hiphop.00012.au,4
413,hiphop,gtzan_genre/genres/hiphop/hiphop.00013.au,4
414,hiphop,gtzan_genre/genres/hiphop/hiphop.00014.au,4
415,hiphop,gtzan_genre/genres/hiphop/hiphop.00015.au,4
416,hiphop,gtzan_genre/genres/hiphop/hiphop.00016.au,4
417,hiphop,gtzan_genre/genres/hiphop/hiphop.00017.au,4
418,hiphop,gtzan_genre/genres/hiphop/hiphop.00018.au,4
419,hiphop,gtzan_genre/genres/hiphop/hiphop.00019.au,4
420,hiphop,gtzan_genre/genres/hiphop/hiphop.00020.au,4
421,hiphop,gtzan_genre/genres/hiphop/hiphop.00021.au,4
422,hiphop,gtzan_genre/genres/hiphop/hiphop.00022.au,4
423,hiphop,gtzan_genre/genres/hiphop/hiphop.00023.au,4
424,hiphop,gtzan_genre/genres/hiphop/hiphop.00024.au,4
425,hiphop,gtzan_genre/genres/hiphop/hiphop.00025.au,4
426,hiphop,gtzan_genre/genres/hiphop/hiphop.00026.au,4
427,hiphop,gtzan_genre/genres/hiphop/hiphop.00027.au,4
428,hiphop,gtzan_genre/genres/hiphop/hiphop.00028.au,4
429,hiphop,gtzan_genre/genres/hiphop/hiphop.00029.au,4
430,hiphop,gtzan_genre/genres/hiphop/hiphop.00030.au,4
431,hiphop,gtzan_genre/genres/hiphop/hiphop.00031.au,4
432,hiphop,gtzan_genre/genres/hiphop/hiphop.00032.au,4
433,hiphop,gtzan_genre/genres/hiphop/hiphop.00033.au,4
434,hiphop,gtzan_genre/genres/hiphop/hiphop.00034.au,4
435,hiphop,gtzan_genre/genres/hiphop/hiphop.00035.au,4
436,hiphop,gtzan_genre/genres/hiphop/hiphop.00036.au,4
437,hiphop,gtzan_genre/genres/hiphop/hiphop.00037.au,4
438,hiphop,gtzan_genre/genres/hiphop/hiphop.00038.au,4
439,hiphop,gtzan_genre/genres/hiphop/hiphop.00039.au,4
440,hiphop,gtzan_genre/genres/hiphop/hiphop.00040.au,4
441,hiphop,gtzan_genre/genres/hiphop/hiphop.00041.au,4
442,hiphop,gtzan_genre/genres/hiphop/hiphop.00042.au,4
443,hiphop,gtzan_genre/genres/hiphop/hiphop.00043.au,4
444,hiphop,gtzan_genre/genres/hiphop/hiphop.00044.au,4
445,hiphop,gtzan_genre/genres/hiphop/hiphop.00045.au,4
446,hiphop,gtzan_genre/genres/hiphop/hiphop.00046.au,4
447,hiphop,gtzan_genre/genres/hiphop/hiphop.00047.au,4
448,hiphop,gtzan_genre/genres/hiphop/hiphop.00048.au,4
449,hiphop,gtzan_genre/genres/hiphop/hiphop.00049.au,4
450,hiphop,gtzan_genre/genres/hiphop/hiphop.00050.au,4
451,hiphop,gtzan_genre/genres/hiphop/hiphop.00051.au,4
452,hiphop,gtzan_genre/genres/hiphop/hiphop.00052.au,4
453,hiphop,gtzan_genre/genres/hiphop/hiphop.00053.au,4
454,hiphop,gtzan_genre/genres/hiphop/hiphop.00054.au,4
455,hiphop,gtzan_genre/genres/hiphop/hiphop.00055.au,4
456,hiphop,gtzan_genre/genres/hiphop/hiphop.00056.au,4
457,hiphop,gtzan_genre/genres/hiphop/hiphop.00057.au,4
458,hiphop,gtzan_genre/genres/hiphop/hiphop.00058.au,4
459,hiphop,gtzan_genre/genres/hiphop/hiphop.00059.au,4
460,hiphop,gtzan_genre/genres/hiphop/hiphop.00060.au,4
461,hiphop,gtzan_genre/genres/hiphop/hiphop.00061.au,4
462,hiphop,gtzan_genre/genres/hiphop/hiphop.00062.au,4
463,hiphop,gtzan_genre/genres/hiphop/hiphop.00063.au,4
464,hiphop,gtzan_genre/genres/hiphop/hiphop.00064.au,4
465,hiphop,gtzan_genre/genres/hiphop/hiphop.00065.au,4
466,hiphop,gtzan_genre/genres/hiphop/hiphop.00066.au,4
467,hiphop,gtzan_genre/genres/hiphop/hiphop.00067.au,4
468,hiphop,gtzan_genre/genres/hiphop/hiphop.00068.au,4
469,hiphop,gtzan_genre/genres/hiphop/hiphop.00069.au,4
470,hiphop,gtzan_genre/genres/hiphop/hiphop.00070.au,4
471,hiphop,gtzan_genre/genres/hiphop/hiphop.00071.au,4
472,hiphop,gtzan_genre/genres/hiphop/hiphop.00072.au,4
473,hiphop,gtzan_genre/genres/hiphop/hiphop.00073.au,4
474,hiphop,gtzan_genre/genres/hiphop/hiphop.00074.au,4
475,hiphop,gtzan_genre/genres/hiphop/hiphop.00075.au,4
476,hiphop,gtzan_genre/genres/hiphop/hiphop.00076.au,4
477,hiphop,gtzan_genre/genres/hiphop/hiphop.00077.au,4
478,hiphop,gtzan_genre/genres/hiphop/hiphop.00078.au,4
479,hiphop,gtzan_genre/genres/hiphop/hiphop.00079.au,4
480,hiphop,gtzan_genre/genres/hiphop/hiphop.00080.au,4
481,hiphop,gtzan_genre/genres/hiphop/hiphop.00081.au,4
482,hiphop,gtzan_genre/genres/hiphop/hiphop.00082.au,4
483,hiphop,gtzan_genre/genres/hiphop/hiphop.00083.au,4
484,hiphop,gtzan_genre/genres/hiphop/hiphop.00084.au,4
485,hiphop,gtzan_genre/genres/hiphop/hiphop.00085.au,4
486,hiphop,gtzan_genre/genres/hiphop/hiphop.00086.au,4
487,hiphop,gtzan_genre/genres/hiphop/hiphop.00087.au,4
488,hiphop,gtzan_genre/genres/hiphop/hiphop.00088.au,4
489,hiphop,gtzan_genre/genres/hiphop/hiphop.00089.au,4
490,hiphop,gtzan_genre/genres/hiphop/hiphop.00090.au,4
491,hiphop,gtzan_genre/genres/hiphop/hiphop.00091.au,4
492,hiphop,gtzan_genre/genres/hiphop/hiphop.00092.au,4
493,hiphop,gtzan_genre/genres/hiphop/hiphop.00093.au,4
494,hiphop,gtzan_genre/genres/hiphop/hiphop.00094.au,4
495,hiphop,gtzan_genre/genres/hiphop/hiphop.00095.au,4
496,hiphop,gtzan_genre/genres/hiphop/hiphop.00096.au,4
497,hiphop,gtzan_genre/genres/hiphop/hiphop.00097.au,4
498,hiphop,gtzan_genre/genres/hiphop/hiphop.00098.au,4
499,hiphop,gtzan_genre/genres/hiphop/hiphop.00099.au,4
500,jazz,gtzan_genre/genres/jazz/jazz.00000.au,5
501,jazz,gtzan_genre/genres/jazz/jazz.00001.au,5
502,jazz,gtzan_genre/genres/jazz/jazz.00002.au,5
503,jazz,gtzan_genre/genres/jazz/jazz.00003.au,5
504,jazz,gtzan_genre/genres/jazz/jazz.00004.au,5
505,jazz,gtzan_genre/genres/jazz/jazz.00005.au,5
506,jazz,gtzan_genre/genres/jazz/jazz.00006.au,5
507,jazz,gtzan_genre/genres/jazz/jazz.00007.au,5
508,jazz,gtzan_genre/genres/jazz/jazz.00008.au,5
509,jazz,gtzan_genre/genres/jazz/jazz.00009.au,5
510,jazz,gtzan_genre/genres/jazz/jazz.00010.au,5
511,jazz,gtzan_genre/genres/jazz/jazz.00011.au,5
512,jazz,gtzan_genre/genres/jazz/jazz.00012.au,5
513,jazz,gtzan_genre/genres/jazz/jazz.00013.au,5
514,jazz,gtzan_genre/genres/jazz/jazz.00014.au,5
515,jazz,gtzan_genre/genres/jazz/jazz.00015.au,5
516,jazz,gtzan_genre/genres/jazz/jazz.00016.au,5
517,jazz,gtzan_genre/genres/jazz/jazz.00017.au,5
518,jazz,gtzan_genre/genres/jazz/jazz.00018.au,5
519,jazz,gtzan_genre/genres/jazz/jazz.00019.au,5
520,jazz,gtzan_genre/genres/jazz/jazz.00020.au,5
521,jazz,gtzan_genre/genres/jazz/jazz.00021.au,5
522,jazz,gtzan_genre/genres/jazz/jazz.00022.au,5
523,jazz,gtzan_genre/genres/jazz/jazz.00023.au,5
524,jazz,gtzan_genre/genres/jazz/jazz.00024.au,5
525,jazz,gtzan_genre/genres/jazz/jazz.00025.au,5
526,jazz,gtzan_genre/genres/jazz/jazz.00026.au,5
527,jazz,gtzan_genre/genres/jazz/jazz.00027.au,5
528,jazz,gtzan_genre/genres/jazz/jazz.00028.au,5
529,jazz,gtzan_genre/genres/jazz/jazz.00029.au,5
530,jazz,gtzan_genre/genres/jazz/jazz.00030.au,5
531,jazz,gtzan_genre/genres/jazz/jazz.00031.au,5
532,jazz,gtzan_genre/genres/jazz/jazz.00032.au,5
533,jazz,gtzan_genre/genres/jazz/jazz.00033.au,5
534,jazz,gtzan_genre/genres/jazz/jazz.00034.au,5
535,jazz,gtzan_genre/genres/jazz/jazz.00035.au,5
536,jazz,gtzan_genre/genres/jazz/jazz.00036.au,5
537,jazz,gtzan_genre/genres/jazz/jazz.00037.au,5
538,jazz,gtzan_genre/genres/jazz/jazz.00038.au,5
539,jazz,gtzan_genre/genres/jazz/jazz.00039.au,5
540,jazz,gtzan_genre/genres/jazz/jazz.00040.au,5
541,jazz,gtzan_genre/genres/jazz/jazz.00041.au,5
542,jazz,gtzan_genre/genres/jazz/jazz.00042.au,5
543,jazz,gtzan_genre/genres/jazz/jazz.00043.au,5
544,jazz,gtzan_genre/genres/jazz/jazz.00044.au,5
545,jazz,gtzan_genre/genres/jazz/jazz.00045.au,5
546,jazz,gtzan_genre/genres/jazz/jazz.00046.au,5
547,jazz,gtzan_genre/genres/jazz/jazz.00047.au,5
548,jazz,gtzan_genre/genres/jazz/jazz.00048.au,5
549,jazz,gtzan_genre/genres/jazz/jazz.00049.au,5
550,jazz,gtzan_genre/genres/jazz/jazz.00050.au,5
551,jazz,gtzan_genre/genres/jazz/jazz.00051.au,5
552,jazz,gtzan_genre/genres/jazz/jazz.00052.au,5
553,jazz,gtzan_genre/genres/jazz/jazz.00053.au,5
554,jazz,gtzan_genre/genres/jazz/jazz.00054.au,5
555,jazz,gtzan_genre/genres/jazz/jazz.00055.au,5
556,jazz,gtzan_genre/genres/jazz/jazz.00056.au,5
557,jazz,gtzan_genre/genres/jazz/jazz.00057.au,5
558,jazz,gtzan_genre/genres/jazz/jazz.00058.au,5
559,jazz,gtzan_genre/genres/jazz/jazz.00059.au,5
560,jazz,gtzan_genre/genres/jazz/jazz.00060.au,5
561,jazz,gtzan_genre/genres/jazz/jazz.00061.au,5
562,jazz,gtzan_genre/genres/jazz/jazz.00062.au,5
563,jazz,gtzan_genre/genres/jazz/jazz.00063.au,5
564,jazz,gtzan_genre/genres/jazz/jazz.00064.au,5
565,jazz,gtzan_genre/genres/jazz/jazz.00065.au,5
566,jazz,gtzan_genre/genres/jazz/jazz.00066.au,5
567,jazz,gtzan_genre/genres/jazz/jazz.00067.au,5
568,jazz,gtzan_genre/genres/jazz/jazz.00068.au,5
569,jazz,gtzan_genre/genres/jazz/jazz.00069.au,5
570,jazz,gtzan_genre/genres/jazz/jazz.00070.au,5
571,jazz,gtzan_genre/genres/jazz/jazz.00071.au,5
572,jazz,gtzan_genre/genres/jazz/jazz.00072.au,5
573,jazz,gtzan_genre/genres/jazz/jazz.00073.au,5
574,jazz,gtzan_genre/genres/jazz/jazz.00074.au,5
575,jazz,gtzan_genre/genres/jazz/jazz.00075.au,5
576,jazz,gtzan_genre/genres/jazz/jazz.00076.au,5
577,jazz,gtzan_genre/genres/jazz/jazz.00077.au,5
578,jazz,gtzan_genre/genres/jazz/jazz.00078.au,5
579,jazz,gtzan_genre/genres/jazz/jazz.00079.au,5
580,jazz,gtzan_genre/genres/jazz/jazz.00080.au,5
581,jazz,gtzan_genre/genres/jazz/jazz.00081.au,5
582,jazz,gtzan_genre/genres/jazz/jazz.00082.au,5
583,jazz,gtzan_genre/genres/jazz/jazz.00083.au,5
584,jazz,gtzan_genre/genres/jazz/jazz.00084.au,5
585,jazz,gtzan_genre/genres/jazz/jazz.00085.au,5
586,jazz,gtzan_genre/genres/jazz/jazz.00086.au,5
587,jazz,gtzan_genre/genres/jazz/jazz.00087.au,5
588,jazz,gtzan_genre/genres/jazz/jazz.00088.au,5
589,jazz,gtzan_genre/genres/jazz/jazz.00089.au,5
590,jazz,gtzan_genre/genres/jazz/jazz.00090.au,5
591,jazz,gtzan_genre/genres/jazz/jazz.00091.au,5
592,jazz,gtzan_genre/genres/jazz/jazz.00092.au,5
593,jazz,gtzan_genre/genres/jazz/jazz.00093.au,5
594,jazz,gtzan_genre/genres/jazz/jazz.00094.au,5
595,jazz,gtzan_genre/genres/jazz/jazz.00095.au,5
596,jazz,gtzan_genre/genres/jazz/jazz.00096.au,5
597,jazz,gtzan_genre/genres/jazz/jazz.00097.au,5
598,jazz,gtzan_genre/genres/jazz/jazz.00098.au,5
599,jazz,gtzan_genre/genres/jazz/jazz.00099.au,5
600,metal,gtzan_genre/genres/metal/metal.00000.au,6
601,metal,gtzan_genre/genres/metal/metal.00001.au,6
602,metal,gtzan_genre/genres/metal/metal.00002.au,6
603,metal,gtzan_genre/genres/metal/metal.00003.au,6
604,metal,gtzan_genre/genres/metal/metal.00004.au,6
605,metal,gtzan_genre/genres/metal/metal.00005.au,6
606,metal,gtzan_genre/genres/metal/metal.00006.au,6
607,metal,gtzan_genre/genres/metal/metal.00007.au,6
608,metal,gtzan_genre/genres/metal/metal.00008.au,6
609,metal,gtzan_genre/genres/metal/metal.00009.au,6
610,metal,gtzan_genre/genres/metal/metal.00010.au,6
611,metal,gtzan_genre/genres/metal/metal.00011.au,6
612,metal,gtzan_genre/genres/metal/metal.00012.au,6
613,metal,gtzan_genre/genres/metal/metal.00013.au,6
614,metal,gtzan_genre/genres/metal/metal.00014.au,6
615,metal,gtzan_genre/genres/metal/metal.00015.au,6
616,metal,gtzan_genre/genres/metal/metal.00016.au,6
617,metal,gtzan_genre/genres/metal/metal.00017.au,6
618,metal,gtzan_genre/genres/metal/metal.00018.au,6
619,metal,gtzan_genre/genres/metal/metal.00019.au,6
620,metal,gtzan_genre/genres/metal/metal.00020.au,6
621,metal,gtzan_genre/genres/metal/metal.00021.au,6
622,metal,gtzan_genre/genres/metal/metal.00022.au,6
623,metal,gtzan_genre/genres/metal/metal.00023.au,6
624,metal,gtzan_genre/genres/metal/metal.00024.au,6
625,metal,gtzan_genre/genres/metal/metal.00025.au,6
626,metal,gtzan_genre/genres/metal/metal.00026.au,6
627,metal,gtzan_genre/genres/metal/metal.00027.au,6
628,metal,gtzan_genre/genres/metal/metal.00028.au,6
629,metal,gtzan_genre/genres/metal/metal.00029.au,6
630,metal,gtzan_genre/genres/metal/metal.00030.au,6
631,metal,gtzan_genre/genres/metal/metal.00031.au,6
632,metal,gtzan_genre/genres/metal/metal.00032.au,6
633,metal,gtzan_genre/genres/metal/metal.00033.au,6
634,metal,gtzan_genre/genres/metal/metal.00034.au,6
635,metal,gtzan_genre/genres/metal/metal.00035.au,6
636,metal,gtzan_genre/genres/metal/metal.00036.au,6
637,metal,gtzan_genre/genres/metal/metal.00037.au,6
638,metal,gtzan_genre/genres/metal/metal.00038.au,6
639,metal,gtzan_genre/genres/metal/metal.00039.au,6
640,metal,gtzan_genre/genres/metal/metal.00040.au,6
641,metal,gtzan_genre/genres/metal/metal.00041.au,6
642,metal,gtzan_genre/genres/metal/metal.00042.au,6
643,metal,gtzan_genre/genres/metal/metal.00043.au,6
644,metal,gtzan_genre/genres/metal/metal.00044.au,6
645,metal,gtzan_genre/genres/metal/metal.00045.au,6
646,metal,gtzan_genre/genres/metal/metal.00046.au,6
647,metal,gtzan_genre/genres/metal/metal.00047.au,6
648,metal,gtzan_genre/genres/metal/metal.00048.au,6
649,metal,gtzan_genre/genres/metal/metal.00049.au,6
650,metal,gtzan_genre/genres/metal/metal.00050.au,6
651,metal,gtzan_genre/genres/metal/metal.00051.au,6
652,metal,gtzan_genre/genres/metal/metal.00052.au,6
653,metal,gtzan_genre/genres/metal/metal.00053.au,6
654,metal,gtzan_genre/genres/metal/metal.00054.au,6
655,metal,gtzan_genre/genres/metal/metal.00055.au,6
656,metal,gtzan_genre/genres/metal/metal.00056.au,6
657,metal,gtzan_genre/genres/metal/metal.00057.au,6
658,metal,gtzan_genre/genres/metal/metal.00058.au,6
659,metal,gtzan_genre/genres/metal/metal.00059.au,6
660,metal,gtzan_genre/genres/metal/metal.00060.au,6
661,metal,gtzan_genre/genres/metal/metal.00061.au,6
662,metal,gtzan_genre/genres/metal/metal.00062.au,6
663,metal,gtzan_genre/genres/metal/metal.00063.au,6
664,metal,gtzan_genre/genres/metal/metal.00064.au,6
665,metal,gtzan_genre/genres/metal/metal.00065.au,6
666,metal,gtzan_genre/genres/metal/metal.00066.au,6
667,metal,gtzan_genre/genres/metal/metal.00067.au,6
668,metal,gtzan_genre/genres/metal/metal.00068.au,6
669,metal,gtzan_genre/genres/metal/metal.00069.au,6
670,metal,gtzan_genre/genres/metal/metal.00070.au,6
671,metal,gtzan_genre/genres/metal/metal.00071.au,6
672,metal,gtzan_genre/genres/metal/metal.00072.au,6
673,metal,gtzan_genre/genres/metal/metal.00073.au,6
674,metal,gtzan_genre/genres/metal/metal.00074.au,6
675,metal,gtzan_genre/genres/metal/metal.00075.au,6
676,metal,gtzan_genre/genres/metal/metal.00076.au,6
677,metal,gtzan_genre/genres/metal/metal.00077.au,6
678,metal,gtzan_genre/genres/metal/metal.00078.au,6
679,metal,gtzan_genre/genres/metal/metal.00079.au,6
680,metal,gtzan_genre/genres/metal/metal.00080.au,6
681,metal,gtzan_genre/genres/metal/metal.00081.au,6
682,metal,gtzan_genre/genres/metal/metal.00082.au,6
683,metal,gtzan_genre/genres/metal/metal.00083.au,6
684,metal,gtzan_genre/genres/metal/metal.00084.au,6
685,metal,gtzan_genre/genres/metal/metal.00085.au,6
686,metal,gtzan_genre/genres/metal/metal.00086.au,6
687,metal,gtzan_genre/genres/metal/metal.00087.au,6
688,metal,gtzan_genre/genres/metal/metal.00088.au,6
689,metal,gtzan_genre/genres/metal/metal.00089.au,6
690,metal,gtzan_genre/genres/metal/metal.00090.au,6
691,metal,gtzan_genre/genres/metal/metal.00091.au,6
692,metal,gtzan_genre/genres/metal/metal.00092.au,6
693,metal,gtzan_genre/genres/metal/metal.00093.au,6
694,metal,gtzan_genre/genres/metal/metal.00094.au,6
695,metal,gtzan_genre/genres/metal/metal.00095.au,6
696,metal,gtzan_genre/genres/metal/metal.00096.au,6
697,metal,gtzan_genre/genres/metal/metal.00097.au,6
698,metal,gtzan_genre/genres/metal/metal.00098.au,6
699,metal,gtzan_genre/genres/metal/metal.00099.au,6
700,pop,gtzan_genre/genres/pop/pop.00000.au,7
701,pop,gtzan_genre/genres/pop/pop.00001.au,7
702,pop,gtzan_genre/genres/pop/pop.00002.au,7
703,pop,gtzan_genre/genres/pop/pop.00003.au,7
704,pop,gtzan_genre/genres/pop/pop.00004.au,7
705,pop,gtzan_genre/genres/pop/pop.00005.au,7
706,pop,gtzan_genre/genres/pop/pop.00006.au,7
707,pop,gtzan_genre/genres/pop/pop.00007.au,7
708,pop,gtzan_genre/genres/pop/pop.00008.au,7
709,pop,gtzan_genre/genres/pop/pop.00009.au,7
710,pop,gtzan_genre/genres/pop/pop.00010.au,7
711,pop,gtzan_genre/genres/pop/pop.00011.au,7
712,pop,gtzan_genre/genres/pop/pop.00012.au,7
713,pop,gtzan_genre/genres/pop/pop.00013.au,7
714,pop,gtzan_genre/genres/pop/pop.00014.au,7
715,pop,gtzan_genre/genres/pop/pop.00015.au,7
716,pop,gtzan_genre/genres/pop/pop.00016.au,7
717,pop,gtzan_genre/genres/pop/pop.00017.au,7
718,pop,gtzan_genre/genres/pop/pop.00018.au,7
719,pop,gtzan_genre/genres/pop/pop.00019.au,7
720,pop,gtzan_genre/genres/pop/pop.00020.au,7
721,pop,gtzan_genre/genres/pop/pop.00021.au,7
722,pop,gtzan_genre/genres/pop/pop.00022.au,7
723,pop,gtzan_genre/genres/pop/pop.00023.au,7
724,pop,gtzan_genre/genres/pop/pop.00024.au,7
725,pop,gtzan_genre/genres/pop/pop.00025.au,7
726,pop,gtzan_genre/genres/pop/pop.00026.au,7
727,pop,gtzan_genre/genres/pop/pop.00027.au,7
728,pop,gtzan_genre/genres/pop/pop.00028.au,7
729,pop,gtzan_genre/genres/pop/pop.00029.au,7
730,pop,gtzan_genre/genres/pop/pop.00030.au,7
731,pop,gtzan_genre/genres/pop/pop.00031.au,7
732,pop,gtzan_genre/genres/pop/pop.00032.au,7
733,pop,gtzan_genre/genres/pop/pop.00033.au,7
734,pop,gtzan_genre/genres/pop/pop.00034.au,7
735,pop,gtzan_genre/genres/pop/pop.00035.au,7
736,pop,gtzan_genre/genres/pop/pop.00036.au,7
737,pop,gtzan_genre/genres/pop/pop.00037.au,7
738,pop,gtzan_genre/genres/pop/pop.00038.au,7
739,pop,gtzan_genre/genres/pop/pop.00039.au,7
740,pop,gtzan_genre/genres/pop/pop.00040.au,7
741,pop,gtzan_genre/genres/pop/pop.00041.au,7
742,pop,gtzan_genre/genres/pop/pop.00042.au,7
743,pop,gtzan_genre/genres/pop/pop.00043.au,7
744,pop,gtzan_genre/genres/pop/pop.00044.au,7
745,pop,gtzan_genre/genres/pop/pop.00045.au,7
746,pop,gtzan_genre/genres/pop/pop.00046.au,7
747,pop,gtzan_genre/genres/pop/pop.00047.au,7
748,pop,gtzan_genre/genres/pop/pop.00048.au,7
749,pop,gtzan_genre/genres/pop/pop.00049.au,7
750,pop,gtzan_genre/genres/pop/pop.00050.au,7
751,pop,gtzan_genre/genres/pop/pop.00051.au,7
752,pop,gtzan_genre/genres/pop/pop.00052.au,7
753,pop,gtzan_genre/genres/pop/pop.00053.au,7
754,pop,gtzan_genre/genres/pop/pop.00054.au,7
755,pop,gtzan_genre/genres/pop/pop.00055.au,7
756,pop,gtzan_genre/genres/pop/pop.00056.au,7
757,pop,gtzan_genre/genres/pop/pop.00057.au,7
758,pop,gtzan_genre/genres/pop/pop.00058.au,7
759,pop,gtzan_genre/genres/pop/pop.00059.au,7
760,pop,gtzan_genre/genres/pop/pop.00060.au,7
761,pop,gtzan_genre/genres/pop/pop.00061.au,7
762,pop,gtzan_genre/genres/pop/pop.00062.au,7
763,pop,gtzan_genre/genres/pop/pop.00063.au,7
764,pop,gtzan_genre/genres/pop/pop.00064.au,7
765,pop,gtzan_genre/genres/pop/pop.00065.au,7
766,pop,gtzan_genre/genres/pop/pop.00066.au,7
767,pop,gtzan_genre/genres/pop/pop.00067.au,7
768,pop,gtzan_genre/genres/pop/pop.00068.au,7
769,pop,gtzan_genre/genres/pop/pop.00069.au,7
770,pop,gtzan_genre/genres/pop/pop.00070.au,7
771,pop,gtzan_genre/genres/pop/pop.00071.au,7
772,pop,gtzan_genre/genres/pop/pop.00072.au,7
773,pop,gtzan_genre/genres/pop/pop.00073.au,7
774,pop,gtzan_genre/genres/pop/pop.00074.au,7
775,pop,gtzan_genre/genres/pop/pop.00075.au,7
776,pop,gtzan_genre/genres/pop/pop.00076.au,7
777,pop,gtzan_genre/genres/pop/pop.00077.au,7
778,pop,gtzan_genre/genres/pop/pop.00078.au,7
779,pop,gtzan_genre/genres/pop/pop.00079.au,7
780,pop,gtzan_genre/genres/pop/pop.00080.au,7
781,pop,gtzan_genre/genres/pop/pop.00081.au,7
782,pop,gtzan_genre/genres/pop/pop.00082.au,7
783,pop,gtzan_genre/genres/pop/pop.00083.au,7
784,pop,gtzan_genre/genres/pop/pop.00084.au,7
785,pop,gtzan_genre/genres/pop/pop.00085.au,7
786,pop,gtzan_genre/genres/pop/pop.00086.au,7
787,pop,gtzan_genre/genres/pop/pop.00087.au,7
788,pop,gtzan_genre/genres/pop/pop.00088.au,7
789,pop,gtzan_genre/genres/pop/pop.00089.au,7
790,pop,gtzan_genre/genres/pop/pop.00090.au,7
791,pop,gtzan_genre/genres/pop/pop.00091.au,7
792,pop,gtzan_genre/genres/pop/pop.00092.au,7
793,pop,gtzan_genre/genres/pop/pop.00093.au,7
794,pop,gtzan_genre/genres/pop/pop.00094.au,7
795,pop,gtzan_genre/genres/pop/pop.00095.au,7
796,pop,gtzan_genre/genres/pop/pop.00096.au,7
797,pop,gtzan_genre/genres/pop/pop.00097.au,7
798,pop,gtzan_genre/genres/pop/pop.00098.au,7
799,pop,gtzan_genre/genres/pop/pop.00099.au,7
800,reggae,gtzan_genre/genres/reggae/reggae.00000.au,8
801,reggae,gtzan_genre/genres/reggae/reggae.00001.au,8
802,reggae,gtzan_genre/genres/reggae/reggae.00002.au,8
803,reggae,gtzan_genre/genres/reggae/reggae.00003.au,8
804,reggae,gtzan_genre/genres/reggae/reggae.00004.au,8
805,reggae,gtzan_genre/genres/reggae/reggae.00005.au,8
806,reggae,gtzan_genre/genres/reggae/reggae.00006.au,8
807,reggae,gtzan_genre/genres/reggae/reggae.00007.au,8
808,reggae,gtzan_genre/genres/reggae/reggae.00008.au,8
809,reggae,gtzan_genre/genres/reggae/reggae.00009.au,8
810,reggae,gtzan_genre/genres/reggae/reggae.00010.au,8
811,reggae,gtzan_genre/genres/reggae/reggae.00011.au,8
812,reggae,gtzan_genre/genres/reggae/reggae.00012.au,8
813,reggae,gtzan_genre/genres/reggae/reggae.00013.au,8
814,reggae,gtzan_genre/genres/reggae/reggae.00014.au,8
815,reggae,gtzan_genre/genres/reggae/reggae.00015.au,8
816,reggae,gtzan_genre/genres/reggae/reggae.00016.au,8
817,reggae,gtzan_genre/genres/reggae/reggae.00017.au,8
818,reggae,gtzan_genre/genres/reggae/reggae.00018.au,8
819,reggae,gtzan_genre/genres/reggae/reggae.00019.au,8
820,reggae,gtzan_genre/genres/reggae/reggae.00020.au,8
821,reggae,gtzan_genre/genres/reggae/reggae.00021.au,8
822,reggae,gtzan_genre/genres/reggae/reggae.00022.au,8
823,reggae,gtzan_genre/genres/reggae/reggae.00023.au,8
824,reggae,gtzan_genre/genres/reggae/reggae.00024.au,8
825,reggae,gtzan_genre/genres/reggae/reggae.00025.au,8
826,reggae,gtzan_genre/genres/reggae/reggae.00026.au,8
827,reggae,gtzan_genre/genres/reggae/reggae.00027.au,8
828,reggae,gtzan_genre/genres/reggae/reggae.00028.au,8
829,reggae,gtzan_genre/genres/reggae/reggae.00029.au,8
830,reggae,gtzan_genre/genres/reggae/reggae.00030.au,8
831,reggae,gtzan_genre/genres/reggae/reggae.00031.au,8
832,reggae,gtzan_genre/genres/reggae/reggae.00032.au,8
833,reggae,gtzan_genre/genres/reggae/reggae.00033.au,8
834,reggae,gtzan_genre/genres/reggae/reggae.00034.au,8
835,reggae,gtzan_genre/genres/reggae/reggae.00035.au,8
836,reggae,gtzan_genre/genres/reggae/reggae.00036.au,8
837,reggae,gtzan_genre/genres/reggae/reggae.00037.au,8
838,reggae,gtzan_genre/genres/reggae/reggae.00038.au,8
839,reggae,gtzan_genre/genres/reggae/reggae.00039.au,8
840,reggae,gtzan_genre/genres/reggae/reggae.00040.au,8
841,reggae,gtzan_genre/genres/reggae/reggae.00041.au,8
842,reggae,gtzan_genre/genres/reggae/reggae.00042.au,8
843,reggae,gtzan_genre/genres/reggae/reggae.00043.au,8
844,reggae,gtzan_genre/genres/reggae/reggae.00044.au,8
845,reggae,gtzan_genre/genres/reggae/reggae.00045.au,8
846,reggae,gtzan_genre/genres/reggae/reggae.00046.au,8
847,reggae,gtzan_genre/genres/reggae/reggae.00047.au,8
848,reggae,gtzan_genre/genres/reggae/reggae.00048.au,8
849,reggae,gtzan_genre/genres/reggae/reggae.00049.au,8
850,reggae,gtzan_genre/genres/reggae/reggae.00050.au,8
851,reggae,gtzan_genre/genres/reggae/reggae.00051.au,8
852,reggae,gtzan_genre/genres/reggae/reggae.00052.au,8
853,reggae,gtzan_genre/genres/reggae/reggae.00053.au,8
854,reggae,gtzan_genre/genres/reggae/reggae.00054.au,8
855,reggae,gtzan_genre/genres/reggae/reggae.00055.au,8
856,reggae,gtzan_genre/genres/reggae/reggae.00056.au,8
857,reggae,gtzan_genre/genres/reggae/reggae.00057.au,8
858,reggae,gtzan_genre/genres/reggae/reggae.00058.au,8
859,reggae,gtzan_genre/genres/reggae/reggae.00059.au,8
860,reggae,gtzan_genre/genres/reggae/reggae.00060.au,8
861,reggae,gtzan_genre/genres/reggae/reggae.00061.au,8
862,reggae,gtzan_genre/genres/reggae/reggae.00062.au,8
863,reggae,gtzan_genre/genres/reggae/reggae.00063.au,8
864,reggae,gtzan_genre/genres/reggae/reggae.00064.au,8
865,reggae,gtzan_genre/genres/reggae/reggae.00065.au,8
866,reggae,gtzan_genre/genres/reggae/reggae.00066.au,8
867,reggae,gtzan_genre/genres/reggae/reggae.00067.au,8
868,reggae,gtzan_genre/genres/reggae/reggae.00068.au,8
869,reggae,gtzan_genre/genres/reggae/reggae.00069.au,8
870,reggae,gtzan_genre/genres/reggae/reggae.00070.au,8
871,reggae,gtzan_genre/genres/reggae/reggae.00071.au,8
872,reggae,gtzan_genre/genres/reggae/reggae.00072.au,8
873,reggae,gtzan_genre/genres/reggae/reggae.00073.au,8
874,reggae,gtzan_genre/genres/reggae/reggae.00074.au,8
875,reggae,gtzan_genre/genres/reggae/reggae.00075.au,8
876,reggae,gtzan_genre/genres/reggae/reggae.00076.au,8
877,reggae,gtzan_genre/genres/reggae/reggae.00077.au,8
878,reggae,gtzan_genre/genres/reggae/reggae.00078.au,8
879,reggae,gtzan_genre/genres/reggae/reggae.00079.au,8
880,reggae,gtzan_genre/genres/reggae/reggae.00080.au,8
881,reggae,gtzan_genre/genres/reggae/reggae.00081.au,8
882,reggae,gtzan_genre/genres/reggae/reggae.00082.au,8
883,reggae,gtzan_genre/genres/reggae/reggae.00083.au,8
884,reggae,gtzan_genre/genres/reggae/reggae.00084.au,8
885,reggae,gtzan_genre/genres/reggae/reggae.00085.au,8
886,reggae,gtzan_genre/genres/reggae/reggae.00086.au,8
887,reggae,gtzan_genre/genres/reggae/reggae.00087.au,8
888,reggae,gtzan_genre/genres/reggae/reggae.00088.au,8
889,reggae,gtzan_genre/genres/reggae/reggae.00089.au,8
890,reggae,gtzan_genre/genres/reggae/reggae.00090.au,8
891,reggae,gtzan_genre/genres/reggae/reggae.00091.au,8
892,reggae,gtzan_genre/genres/reggae/reggae.00092.au,8
893,reggae,gtzan_genre/genres/reggae/reggae.00093.au,8
894,reggae,gtzan_genre/genres/reggae/reggae.00094.au,8
895,reggae,gtzan_genre/genres/reggae/reggae.00095.au,8
896,reggae,gtzan_genre/genres/reggae/reggae.00096.au,8
897,reggae,gtzan_genre/genres/reggae/reggae.00097.au,8
898,reggae,gtzan_genre/genres/reggae/reggae.00098.au,8
899,reggae,gtzan_genre/genres/reggae/reggae.00099.au,8
900,rock,gtzan_genre/genres/rock/rock.00000.au,9
901,rock,gtzan_genre/genres/rock/rock.00001.au,9
902,rock,gtzan_genre/genres/rock/rock.00002.au,9
903,rock,gtzan_genre/genres/rock/rock.00003.au,9
904,rock,gtzan_genre/genres/rock/rock.00004.au,9
905,rock,gtzan_genre/genres/rock/rock.00005.au,9
906,rock,gtzan_genre/genres/rock/rock.00006.au,9
907,rock,gtzan_genre/genres/rock/rock.00007.au,9
908,rock,gtzan_genre/genres/rock/rock.00008.au,9
909,rock,gtzan_genre/genres/rock/rock.00009.au,9
910,rock,gtzan_genre/genres/rock/rock.00010.au,9
911,rock,gtzan_genre/genres/rock/rock.00011.au,9
912,rock,gtzan_genre/genres/rock/rock.00012.au,9
913,rock,gtzan_genre/genres/rock/rock.00013.au,9
914,rock,gtzan_genre/genres/rock/rock.00014.au,9
915,rock,gtzan_genre/genres/rock/rock.00015.au,9
916,rock,gtzan_genre/genres/rock/rock.00016.au,9
917,rock,gtzan_genre/genres/rock/rock.00017.au,9
918,rock,gtzan_genre/genres/rock/rock.00018.au,9
919,rock,gtzan_genre/genres/rock/rock.00019.au,9
920,rock,gtzan_genre/genres/rock/rock.00020.au,9
921,rock,gtzan_genre/genres/rock/rock.00021.au,9
922,rock,gtzan_genre/genres/rock/rock.00022.au,9
923,rock,gtzan_genre/genres/rock/rock.00023.au,9
924,rock,gtzan_genre/genres/rock/rock.00024.au,9
925,rock,gtzan_genre/genres/rock/rock.00025.au,9
926,rock,gtzan_genre/genres/rock/rock.00026.au,9
927,rock,gtzan_genre/genres/rock/rock.00027.au,9
928,rock,gtzan_genre/genres/rock/rock.00028.au,9
929,rock,gtzan_genre/genres/rock/rock.00029.au,9
930,rock,gtzan_genre/genres/rock/rock.00030.au,9
931,rock,gtzan_genre/genres/rock/rock.00031.au,9
932,rock,gtzan_genre/genres/rock/rock.00032.au,9
933,rock,gtzan_genre/genres/rock/rock.00033.au,9
934,rock,gtzan_genre/genres/rock/rock.00034.au,9
935,rock,gtzan_genre/genres/rock/rock.00035.au,9
936,rock,gtzan_genre/genres/rock/rock.00036.au,9
937,rock,gtzan_genre/genres/rock/rock.00037.au,9
938,rock,gtzan_genre/genres/rock/rock.00038.au,9
939,rock,gtzan_genre/genres/rock/rock.00039.au,9
940,rock,gtzan_genre/genres/rock/rock.00040.au,9
941,rock,gtzan_genre/genres/rock/rock.00041.au,9
942,rock,gtzan_genre/genres/rock/rock.00042.au,9
943,rock,gtzan_genre/genres/rock/rock.00043.au,9
944,rock,gtzan_genre/genres/rock/rock.00044.au,9
945,rock,gtzan_genre/genres/rock/rock.00045.au,9
946,rock,gtzan_genre/genres/rock/rock.00046.au,9
947,rock,gtzan_genre/genres/rock/rock.00047.au,9
948,rock,gtzan_genre/genres/rock/rock.00048.au,9
949,rock,gtzan_genre/genres/rock/rock.00049.au,9
950,rock,gtzan_genre/genres/rock/rock.00050.au,9
951,rock,gtzan_genre/genres/rock/rock.00051.au,9
952,rock,gtzan_genre/genres/rock/rock.00052.au,9
953,rock,gtzan_genre/genres/rock/rock.00053.au,9
954,rock,gtzan_genre/genres/rock/rock.00054.au,9
955,rock,gtzan_genre/genres/rock/rock.00055.au,9
956,rock,gtzan_genre/genres/rock/rock.00056.au,9
957,rock,gtzan_genre/genres/rock/rock.00057.au,9
958,rock,gtzan_genre/genres/rock/rock.00058.au,9
959,rock,gtzan_genre/genres/rock/rock.00059.au,9
960,rock,gtzan_genre/genres/rock/rock.00060.au,9
961,rock,gtzan_genre/genres/rock/rock.00061.au,9
962,rock,gtzan_genre/genres/rock/rock.00062.au,9
963,rock,gtzan_genre/genres/rock/rock.00063.au,9
964,rock,gtzan_genre/genres/rock/rock.00064.au,9
965,rock,gtzan_genre/genres/rock/rock.00065.au,9
966,rock,gtzan_genre/genres/rock/rock.00066.au,9
967,rock,gtzan_genre/genres/rock/rock.00067.au,9
968,rock,gtzan_genre/genres/rock/rock.00068.au,9
969,rock,gtzan_genre/genres/rock/rock.00069.au,9
970,rock,gtzan_genre/genres/rock/rock.00070.au,9
971,rock,gtzan_genre/genres/rock/rock.00071.au,9
972,rock,gtzan_genre/genres/rock/rock.00072.au,9
973,rock,gtzan_genre/genres/rock/rock.00073.au,9
974,rock,gtzan_genre/genres/rock/rock.00074.au,9
975,rock,gtzan_genre/genres/rock/rock.00075.au,9
976,rock,gtzan_genre/genres/rock/rock.00076.au,9
977,rock,gtzan_genre/genres/rock/rock.00077.au,9
978,rock,gtzan_genre/genres/rock/rock.00078.au,9
979,rock,gtzan_genre/genres/rock/rock.00079.au,9
980,rock,gtzan_genre/genres/rock/rock.00080.au,9
981,rock,gtzan_genre/genres/rock/rock.00081.au,9
982,rock,gtzan_genre/genres/rock/rock.00082.au,9
983,rock,gtzan_genre/genres/rock/rock.00083.au,9
984,rock,gtzan_genre/genres/rock/rock.00084.au,9
985,rock,gtzan_genre/genres/rock/rock.00085.au,9
986,rock,gtzan_genre/genres/rock/rock.00086.au,9
987,rock,gtzan_genre/genres/rock/rock.00087.au,9
988,rock,gtzan_genre/genres/rock/rock.00088.au,9
989,rock,gtzan_genre/genres/rock/rock.00089.au,9
990,rock,gtzan_genre/genres/rock/rock.00090.au,9
991,rock,gtzan_genre/genres/rock/rock.00091.au,9
992,rock,gtzan_genre/genres/rock/rock.00092.au,9
993,rock,gtzan_genre/genres/rock/rock.00093.au,9
994,rock,gtzan_genre/genres/rock/rock.00094.au,9
995,rock,gtzan_genre/genres/rock/rock.00095.au,9
996,rock,gtzan_genre/genres/rock/rock.00096.au,9
997,rock,gtzan_genre/genres/rock/rock.00097.au,9
998,rock,gtzan_genre/genres/rock/rock.00098.au,9
999,rock,gtzan_genre/genres/rock/rock.00099.au,9
